Proizvod,SKU,Zvanična stranica,Izvor fotografije,Preuzeto
Velika Kikinda M 333,1104000,https://toza.rs/proizvod/velika-kikinda-m-333/,https://toza.rs/wp-content/uploads/2024/05/1104000.png,2026-10-08
Mala Kikinda M 272,1106000,https://toza.rs/proizvod/mala-kikinda-m-272/,https://toza.rs/wp-content/uploads/2024/05/1106000.png,2026-10-08
Premium Kikinda,1104001,https://toza.rs/proizvod/premium-kikinda/,https://toza.rs/wp-content/uploads/2024/05/1104001.png,2026-10-08
Portugalac M 977,1105000,https://toza.rs/proizvod/portugalac-m-977/,https://toza.rs/wp-content/uploads/2024/05/1105000.png,2026-10-08
Classic M 002,1101000,https://toza.rs/proizvod/classic-m-002/,https://toza.rs/wp-content/uploads/2024/05/1101000.png,2026-10-08
Klasik Premium,1101001,https://toza.rs/proizvod/klasik-premium/,https://toza.rs/wp-content/uploads/2024/05/1101001.png,2026-10-08
Holandez M 993,01103000,https://toza.rs/proizvod/holandez-m-993/,https://toza.rs/wp-content/uploads/2024/05/01103000.png,2026-10-08
Ventilacioni crep VT 333,14104000,https://toza.rs/proizvod/ventilacioni-crep-vt-333/,https://toza.rs/wp-content/uploads/2024/05/14104000.png,2026-10-08
Ventilacioni crep VT 002,14101000,https://toza.rs/proizvod/ventilacioni-crep-vt-002/,https://toza.rs/wp-content/uploads/2024/05/14101000.png,2026-10-08
Završni desni crep ZD 333,3105000,https://toza.rs/proizvod/zavrsni-desni-crep-zd-333/,https://toza.rs/wp-content/uploads/2024/05/3105000.png,2026-10-08
Podžljebnjački završni levi crep PZL 993,08100000,https://toza.rs/proizvod/podzljebnjacki-zavrsni-levi-crep-pzl-993/,https://toza.rs/wp-content/uploads/2024/05/08100000.png,2026-10-08
Žljebnjak M 184,10102000,https://toza.rs/proizvod/zljebnjak-m-184/,https://toza.rs/wp-content/uploads/2024/05/10102000.png,2026-10-08
Žljebnjak M 185,10105000,https://toza.rs/proizvod/zljebnjak-m-185/,https://toza.rs/wp-content/uploads/2024/05/10105000.png,2026-10-08
College smoke,2008,https://toza.rs/proizvod/college-smoke/,https://toza.rs/wp-content/uploads/2024/05/2008_1.jpg,2026-10-08
Rebel,3006,https://toza.rs/proizvod/rebel/,https://toza.rs/wp-content/uploads/2024/10/Rebel-30x60-f1.jpg,2026-10-08
Edna grey,1219,https://toza.rs/proizvod/edna-grey/,https://toza.rs/wp-content/uploads/2024/05/1219_1.jpg,2026-10-08
Aurora wenge,1808,https://toza.rs/proizvod/aurora-wenge/,https://toza.rs/wp-content/uploads/2024/05/1808_1.jpg,2026-10-08
Amalia light,5256,https://toza.rs/proizvod/amalia-light/,https://toza.rs/wp-content/uploads/2024/05/5256_1.jpg,2026-10-08
Geometric decor,5312,https://toza.rs/proizvod/geometric-decor/,https://toza.rs/wp-content/uploads/2024/05/5312_1.jpg,2026-10-08
Harmonia white,5227,https://toza.rs/proizvod/harmonia-white/,https://toza.rs/wp-content/uploads/2024/05/5227_1.jpg,2026-10-08
Pomona grey,5288,https://toza.rs/proizvod/pomona-grey/,https://toza.rs/wp-content/uploads/2024/05/5288_1.jpg,2026-10-08
Hubbard light,5294,https://toza.rs/proizvod/hubbard-light/,https://toza.rs/wp-content/uploads/2024/05/5294_1.jpg,2026-10-08
Augusta grey,5238,https://toza.rs/proizvod/augusta-grey/,https://toza.rs/wp-content/uploads/2024/05/5238_1.jpg,2026-10-08
Amalia botanic decor,5310,https://toza.rs/proizvod/amalia-botanic-decor/,https://toza.rs/wp-content/uploads/2024/05/5310_1.jpg,2026-10-08
